"Dress, Cost, Image"
Ball-Gown/Princess V-Neck Asymmetrical Tulle Prom Dresses,US$ 154.00,https://cdn-3.jjshouse.com/upimg/s400/28/4d/df01264fc0c4a8051e2845cc292d284d.jpg
A-line V-Neck Floor-Length Lace Satin Prom Dresses With Sequins,US$ 169.00,https://cdn-3.jjshouse.com/upimg/s400/e7/fd/f0644be010644953406140f075fce7fd.jpg
A-line V-Neck Floor-Length Tulle Prom Dresses,US$ 159.00,https://cdn-2.jjshouse.com/upimg/s400/31/e6/42caba3deddd8aecded3a6cd58cf31e6.jpg
Ball-Gown/Princess Scoop Floor-Length Tulle Prom Dresses,US$ 179.00,https://cdn-1.jjshouse.com/upimg/s400/65/c1/8b5a5952af225a3c06430422582165c1.jpg
A-line V-Neck Floor-Length Lace Satin Prom Dresses With Sequins,US$ 164.00,https://cdn-4.jjshouse.com/upimg/s400/cc/8a/41d897ddb734c591d42d1bec5a5acc8a.jpg
A-line Square Floor-Length Tulle Prom Dresses,US$ 159.00,https://cdn-4.jjshouse.com/upimg/s400/90/6a/7f4fba6201a06e250185b46bd664906a.jpg
Ball-Gown/Princess Square Floor-Length Lace Tulle Prom Dresses With Sequins,US$ 169.00,https://cdn-2.jjshouse.com/upimg/s400/b8/1a/4a726bbe34e276233ca818800aeab81a.jpg
A-line One Shoulder Floor-Length Lace Tulle Prom Dresses With Sequins,US$ 159.00,https://cdn-2.jjshouse.com/upimg/s400/5f/87/942bd3313ced35445acffbf5d48c5f87.jpg
A-line Sweetheart Sweep Train Satin Prom Dresses With Sequins,US$ 154.00,https://cdn-4.jjshouse.com/upimg/s400/64/cf/42374f3ac7ac4f7cfe84553805f564cf.jpg
A-line V-Neck Floor-Length Tulle Prom Dresses With Sequins,US$ 159.00,https://cdn-2.jjshouse.com/upimg/s400/ea/37/ad73348352c05ce67a3292cb90d4ea37.jpg
A-line V-Neck Floor-Length Lace Tulle Prom Dresses With Beading Sequins,US$ 159.00,https://cdn-4.jjshouse.com/upimg/s400/25/45/1515050a22dd0c27c04f8dd7c39e2545.jpg
A-line V-Neck Floor-Length Lace Prom Dresses With Beading Sequins,US$ 189.00,https://cdn-3.jjshouse.com/upimg/s400/cb/0d/dc9a38948578667b50f91ae9c6cacb0d.jpg
A-line Off the Shoulder Sweep Train Satin Prom Dresses With Rhinestone,US$ 159.00,https://cdn-2.jjshouse.com/upimg/s400/f4/b1/fc2dc39bc217a8f139aa5b6074e2f4b1.jpg
A-line Straight Floor-Length Tulle Prom Dresses With Sequins,US$ 159.00,https://cdn-1.jjshouse.com/upimg/s400/47/49/8ec74946160f88ecd8b2001dd2e44749.jpg
A-line V-Neck Floor-Length Lace Prom Dresses With Sequins,US$ 169.00,https://cdn-4.jjshouse.com/upimg/s400/d7/72/f16861e0dd81cc7cf55e3acd677dd772.jpg
Trumpet/Mermaid V-Neck Sweep Train Lace Tulle Prom Dresses With Sequins,US$ 184.00,https://cdn-1.jjshouse.com/upimg/s400/1e/74/dfa73acd4d6e096422383b4d0caf1e74.jpg
A-line V-Neck Floor-Length Chiffon Prom Dresses With Beading Sequins,US$ 144.00,https://cdn-3.jjshouse.com/upimg/s400/7c/e5/6b79e6442e286328b2497da9cb617ce5.jpg
A-line Square Sweep Train Satin Prom Dresses With Rhinestone,US$ 159.00,https://cdn-4.jjshouse.com/upimg/s400/43/3e/ce049e9b94a2de90e85d4cbfd09c433e.jpg
Trumpet/Mermaid Scoop Sweep Train Sequin Prom Dresses With Sequins,US$ 144.00,https://cdn-1.jjshouse.com/upimg/s400/eb/d1/4d01e84a6e323e8d024f0c455c35ebd1.jpg
Ball-Gown/Princess V-Neck Sweep Train Lace Tulle Prom Dresses With Sequins,US$ 159.00,https://cdn-4.jjshouse.com/upimg/s400/94/9c/c5c4149c6202c0d0478ebb3dd602949c.jpg
Ball-Gown/Princess Square Floor-Length Tulle Prom Dresses With Sequins,US$ 179.00,https://cdn-1.jjshouse.com/upimg/s400/2e/c7/d1aa419f99c8cf4bba521ba87c602ec7.jpg
Ball-Gown/Princess Sweetheart Sweep Train Tulle Prom Dresses With Sequins,US$ 184.00,https://cdn-1.jjshouse.com/upimg/s400/c1/05/b5ae2d5c414650e4fc5273b8839ac105.jpg
A-line Scoop Illusion Asymmetrical Lace Satin Prom Dresses,US$ 189.00,https://cdn-4.jjshouse.com/upimg/s400/f7/61/a94709f5f90112d596db7a7c7a1af761.jpg
A-line V-Neck Sweep Train Satin Prom Dresses With Rhinestone,US$ 159.00,https://cdn-4.jjshouse.com/upimg/s400/36/2b/17083b6d0a323e524649966c9862362b.jpg
Trumpet/Mermaid V-Neck Sweep Train Satin Prom Dresses With Sequins Beading,US$ 169.00,https://cdn-3.jjshouse.com/upimg/s400/26/6a/3bc9c145e857b7f5cfa5e62570d4266a.jpg
Ball-Gown/Princess V-Neck Floor-Length Satin Prom Dresses With Beading Sequins,US$ 199.00,https://cdn-4.jjshouse.com/upimg/s400/14/9a/e1b7fb1d0e44539b8c2ceed1e570149a.jpg
A-line Off the Shoulder Sweep Train Chiffon Lace Prom Dresses With Sequins,US$ 169.00,https://cdn-3.jjshouse.com/upimg/s400/be/35/0eeeba2b21003dabab5e01b3aa21be35.jpg
Ball-Gown/Princess V-Neck Floor-Length Tulle Prom Dresses With Sequins,US$ 174.00,https://cdn-3.jjshouse.com/upimg/s400/c9/c6/47f5edd4d7c7d4d24fd3427ec29dc9c6.jpg
Trumpet/Mermaid V-Neck Sweep Train Sequin Prom Dresses With Sequins,US$ 174.00,https://cdn-4.jjshouse.com/upimg/s400/25/4f/6f4a683b388cac51ed8b4df91d9d254f.jpg
Ball-Gown/Princess Off the Shoulder Floor-Length Chiffon Lace Prom Dresses With Beading Sequins,US$ 159.00,https://cdn-1.jjshouse.com/upimg/s400/f5/61/5d1585ca5632ca27f019d5f401ccf561.jpg
Ball-Gown/Princess Scoop Floor-Length Lace Satin Prom Dresses With Sequins,US$ 164.00,https://cdn-4.jjshouse.com/upimg/s400/3b/2e/750f8a34cf8ee3e6fb6eb23ad9e63b2e.jpg
Ball-Gown/Princess Straight Floor-Length Tulle Prom Dresses With Appliques Lace Sequins,US$ 184.00,https://cdn-3.jjshouse.com/upimg/s400/cd/e7/cfcb2cf948612aa5f96f822db413cde7.jpg
Trumpet/Mermaid Scoop Sweep Train Lace Satin Prom Dresses With Sequins,US$ 149.00,https://cdn-2.jjshouse.com/upimg/s400/66/38/780b28ea2d4809e312d6f9e7e6ef6638.jpg
A-line V-Neck Floor-Length Chiffon Lace Prom Dresses With Beading Sequins,US$ 149.00,https://cdn-1.jjshouse.com/upimg/s400/67/3a/430c83db2563f5aa03c1b4bf2db0673a.jpg
A-line Scoop Asymmetrical Satin Prom Dresses With Beading Sequins,US$ 169.00,https://cdn-3.jjshouse.com/upimg/s400/fe/2c/b9a6e7624f88c5c990b86aa66356fe2c.jpg
A-line Off the Shoulder Floor-Length Tulle Prom Dresses With Appliques Lace Sequins,US$ 154.00,https://cdn-3.jjshouse.com/upimg/s400/d9/d4/42f593a6d5c83b78d3871c8b83e3d9d4.jpg
Ball-Gown/Princess Scoop Asymmetrical Tulle Prom Dresses With Beading Sequins,US$ 154.00,https://cdn-1.jjshouse.com/upimg/s400/e4/78/0adc7b0147b53c2e9cc59c3fc8b8e478.jpg
Ball-Gown/Princess Off the Shoulder Floor-Length Satin Prom Dresses With Sequins,US$ 184.00,https://cdn-1.jjshouse.com/upimg/s400/df/fd/d8e1adf35c9d1fcaff2b1f9bd795dffd.jpg
Ball-Gown/Princess Scoop Illusion Floor-Length Lace Tulle Prom Dresses,US$ 174.00,https://cdn-4.jjshouse.com/upimg/s400/45/af/804dd1e65ccae178996dbaafd2da45af.jpg
Sheath/Column V-Neck Floor-Length Satin Prom Dresses With Sequins,US$ 169.00,https://cdn-4.jjshouse.com/upimg/s400/c0/59/315f64ee9b2200721df7dbb62ebdc059.jpg
Ball-Gown/Princess V-Neck Floor-Length Satin Prom Dresses With Sequins,US$ 159.00,https://cdn-4.jjshouse.com/upimg/s400/f2/9c/46519713f35e1b7e5da648ba3060f29c.jpg
Ball-Gown/Princess V-Neck Floor-Length Satin Lace Prom Dresses With Sequins,US$ 159.00,https://cdn-4.jjshouse.com/upimg/s400/33/42/72c5fccf0ff77a8e0dbbf27054a23342.jpg
Ball-Gown/Princess Sweetheart Floor-Length Tulle Prom Dresses With Beading Sequins,US$ 184.00,https://cdn-1.jjshouse.com/upimg/s400/4d/51/b4f699e62d887d308f6270de01054d51.jpg
Ball-Gown/Princess V-Neck Sweep Train Lace Tulle Prom Dresses,US$ 184.00,https://cdn-3.jjshouse.com/upimg/s400/5d/86/5fd4f2b00f18ebfc7c351939d10b5d86.jpg
Ball-Gown/Princess Scoop Floor-Length Satin Prom Dresses With Bow Beading Sequins,US$ 184.00,https://cdn-2.jjshouse.com/upimg/s400/e1/f6/51578f25a13239cba77b34804179e1f6.jpg
A-line Halter Floor-Length Chiffon Lace Prom Dresses With Sequins,US$ 144.00,https://cdn-1.jjshouse.com/upimg/s400/20/51/821fc15feae22316d006bb3f34752051.jpg
A-line Scoop Floor-Length Chiffon Prom Dresses With Beading Sequins,US$ 179.00,https://cdn-4.jjshouse.com/upimg/s400/55/dc/4f56ec0edb14635349d2f4f5e6e255dc.jpg
A-line V-Neck Floor-Length Chiffon Lace Prom Dresses With Sequins,US$ 189.00,https://cdn-2.jjshouse.com/upimg/s400/2c/e2/f32263ab95c5fa10319957fc076e2ce2.jpg
Sheath/Column V-Neck Floor-Length Lace Satin Prom Dresses With Sequins,US$ 174.00,https://cdn-1.jjshouse.com/upimg/s400/1e/d4/b0bf52eb86d73df6bd2f0eb3714c1ed4.jpg
Ball-Gown/Princess V-Neck Floor-Length Tulle Prom Dresses With Faux Feather Sequins,US$ 164.00,https://cdn-4.jjshouse.com/upimg/s400/49/90/d93844a0cdec24f213e3de699b274990.jpg
A-line Sweetheart Sweep Train Lace Satin Prom Dresses,US$ 154.00,https://cdn-1.jjshouse.com/upimg/s400/f8/15/d4d3ce8dbaa5a07179f93361677bf815.jpg
Ball-Gown/Princess Scoop Sweep Train Lace Tulle Prom Dresses With Sequins,US$ 179.00,https://cdn-2.jjshouse.com/upimg/s400/0b/c3/1ecc82e01037f3cf8b056171b90c0bc3.jpg
Ball-Gown/Princess V-Neck Sweep Train Organza Prom Dresses,US$ 164.00,https://cdn-4.jjshouse.com/upimg/s400/b8/e8/b9feb5372b2826c8a65bc02fa774b8e8.jpg
A-line V-Neck Floor-Length Satin Prom Dresses With Sequins,US$ 174.00,https://cdn-2.jjshouse.com/upimg/s400/79/ce/33cb59c2225c5ffef389e609318b79ce.jpg
A-line V-Neck Floor-Length Chiffon Prom Dresses With Beading Sequins,US$ 169.00,https://cdn-2.jjshouse.com/upimg/s400/2b/f7/dccdcf40132a9d645ba1d7f21a292bf7.jpg
A-line Asymmetrical Floor-Length Lace Prom Dresses With Sequins,US$ 154.00,https://cdn-2.jjshouse.com/upimg/s400/7c/8e/a17273179fb70b9daa85b05e1cba7c8e.jpg
A-line Scoop Floor-Length Satin Prom Dresses With Sequins,US$ 154.00,https://cdn-1.jjshouse.com/upimg/s400/63/6b/89568cbb111af2b937efad844b92636b.jpg
A-line Off the Shoulder Asymmetrical Chiffon Lace Prom Dresses With Pleated,US$ 144.00,https://cdn-4.jjshouse.com/upimg/s400/c0/fb/d58d670694aa44cec585a831f62ac0fb.jpg
